id,name,position
1b76f76c-eb7f-4e42-b9a2-b7e115500c07,Dannye Guidera,Media Manager I
d701c116-aaa0-43bd-9a90-bada44975a94,Warden Gieves,Environmental Specialist
376eed75-8eb2-4a0f-ac5d-f32ba6df00e6,Wyn Pattesall,Office Assistant II
c87e4230-9e62-49b2-8cea-75d26c696bc8,Jody Willishire,Marketing Assistant
ffe6aa95-0c2b-4748-ba10-a198742bd509,Stern Levecque,Web Designer IV
0cbcdf09-5269-421e-9fb0-25c81d515603,Beaufort Moret,General Manager
43ea49f6-2b12-43f2-ac39-5cb0c42596bd,Emile Kolak,Librarian
9751695a-6378-4421-8b49-7a85cfbf1fea,Joey Jakaway,Assistant Manager
049df09e-b3df-4f2c-a910-96e10b595158,Dew Cottingham,Computer Systems Analyst I
ddac1296-bc52-492d-a5ab-d8bf1d3af951,Gwyneth Gamlyn,Statistician I
62718f04-7c81-4ffa-8a0e-b6950977becc,Margit Moniker,Tax Accountant
b6538444-0a72-4f9a-a2ac-b8884a39f4f1,Brittney Dulwich,Clinical Specialist
fa2ddff0-0d79-4b7d-bac8-3051ca30ee5d,Alisa Jurgenson,Environmental Tech
39374c58-9eb6-46a8-adb4-46d836d9a6bc,Renelle Vasyutin,GIS Technical Architect
9ee898b1-2ea7-484a-bb5c-e41f6323258f,Elsa Ruppel,Dental Hygienist
3b9959d8-a3fd-40e0-b355-251f1057f7fb,Reinaldo Braniff,Administrative Officer
ee874792-0248-4a92-a429-8fcdf51e529d,Woodrow Hannabus,Human Resources Manager
05c3ad93-dc7e-4f4f-945e-c80ac1e1b940,Sly Basezzi,Database Administrator III
f768c428-e968-4b7b-bc80-4651ac94bf76,Zonda Eccleston,Teacher
16308dcc-b7b5-45cb-8588-9ebc48c95d31,Ivette Vennard,Information Systems Manager
8461d7ee-eb7b-4423-8471-af0bc5866954,Trenna Danton,Biostatistician IV
e5f260cf-3423-4340-abeb-1b4bd721845a,Leanor Crose,VP Product Management
f9723c92-fdba-4862-9720-71f3bc20d48d,Davine Nairy,Recruiter
18c3ed41-c6b9-4497-ba21-0145caa20ca5,Mordy Sitch,Chemical Engineer
8a8907d2-62c5-4f4b-a5f5-564c494306d9,Dotty Feeney,Structural Engineer
27da25e1-2f69-488d-8df3-40249866805f,Daryl Swine,Human Resources Manager
f678b1db-6350-46a4-a3de-d8bc154b3dbc,Valentin Brookbank,Professor
7ddee823-a0d1-42bc-8a6c-e55f7037fea6,Jackelyn Vickery,Database Administrator III
837732f4-ac95-4543-9c05-04eef4a5668e,Lanita Della Scala,Programmer Analyst III
63b2037f-0657-4346-bb25-60035aacdb7f,Sanders Jeffray,Compensation Analyst
dc7599de-efdd-44ba-83ef-f1736eb67223,Gale Krimmer,Software Consultant
ec08ba14-c2ff-4fd6-ac5d-c828a83972e7,Jessa Sunock,Executive Secretary
b2e2f0d5-e79c-4de2-b19e-ddc4532056cc,Candy Gerran,Product Engineer
c14e91ce-cc80-4757-b996-06fcb392c4e6,Purcell Filippov,Systems Administrator III
ba7c5929-fb2a-4033-9e31-368eefff431b,Tanhya Faulds,Compensation Analyst
7dcd2bb0-1ad2-4a80-aeac-7ca79506194f,Glenna Terrill,Payment Adjustment Coordinator
304769d8-240f-4e04-82e7-f45055e79715,Shadow Bault,Chemical Engineer
fc75d176-8d90-421b-88d2-146cfcf0c1f7,Retha Syred,Research Nurse
e4581af0-9a78-49fa-b34d-1c292409bbf5,Alvina Gherardi,Web Developer I
c1490abe-85f5-459e-88bc-5acb9012cfd7,Marguerite Durram,Recruiter
4b2ca97b-6ce6-4031-b9eb-afe673e3c63a,Roxana Whiff,Librarian
31f45f65-9cb1-4180-8a4a-b98721afdd80,Reagen Jedrzejczak,Software Test Engineer I
2a80b25e-77a6-47f7-8534-ef752b9e1fbc,Nada Eschalotte,Sales Associate
73a782a6-381d-4e84-897c-37d6f2ae773a,Tallie Hoggan,Community Outreach Specialist
219b269c-2dc1-4aba-9481-78083ae0e852,Sukey Greetland,Associate Professor
c0ac1d50-92df-4ffa-9344-092953120019,Coriss Figge,Graphic Designer
03a29505-cd27-4fa8-84eb-33c8fb4dc366,Cheslie Richardeau,Analog Circuit Design manager
e7e96f62-1cf9-4668-8b37-2e39ea1d9012,Amandy Chaundy,Legal Assistant
a0ba6946-e4e8-407c-b1f5-df9f75a0feac,Charla Lorand,Staff Accountant III
8f904b7f-b018-4c7e-b4c2-bc5fc1ee824b,Casey Cluely,Senior Editor
